title,summary
Deep-sea whale strands on central Auckland beach,"Shepherd's beaked whales live in the deep sea, and only come up to shore if something is wrong"
'I miss Jock everyday': Family of man killed while hunting left facing 'lifetime of hell',Ashburton builder Paul William John Stevens has been sentenced for the shooting.
Convicted sex offender and former Gloriavale leader Howard Temple will not be going to jail,Temple has won an appeal against his sentence for indecencies involving young women.
"Baby Poseidyn's injuries unlikely to be accidental, inquiry hears","Poseidyn Hemopo-Pickering's injuries being caused by an accidental fall from a short distance did not seem plausible, a neuropathologist told the court."
Former top cop Jevon McSkimming used police money to pay for hotels during affair,"McSkimming invited a woman who he was having a sexual relationship with to stay at the hotels with him, the IPCA found."
Local council dealt with 34 complaints about bee poo in last two years,Tauranga City Council says it investigated 38 complaints about urban hives with 34 of those relating to poo.
"Biosecurity NZ confident fruit fly will be eradicated, again",Staff are out in South Auckland after finding more Oriental fruit flies in Papatoetoe on Monday.
Car and motorbike crash closes part of SH1 south of Auckland,A section of SH1 south of Auckland is closed after a car and motorbike collided.
Iran conflict: What to do if you're caught up in an international crisis,<i>Explainer </i>- The world is an increasingly dangerous place. What do you do if you're caught up in a conflict like the one raging in Iran and the Middle East?
"Flights diverted, ferries delayed, as strong winds hit lower North Island",MetService was forecasting three-metre swells and winds of up to 74 km/h in the Strait.
Community forms in remains of Christchurch red zone,Bexley's Wetlands Grove is the last remaining road leading to an old subdivision.
Work under way to move cramped Wellington ED,Renovations to add much-needed space to the ED are underway with workers saying they've had up to 26 patients in the corridor.
Previously unknown faultlines discovered in Auckland,Scientists will soon start to dig trenches across some of the lines to see if they are active and could cause earthquakes.
Duo biking around world say NZ drivers the most aggro,"The pair copped abuse daily, including getting the finger from drivers and an aggressive approach."
Only lunar eclipse of 2026 taking place tonight,"New Zealand has the ""best seat in the world"" to view it - so when can you see it and how?"
Arsonist given second chance to be deported,John Dodsworth fire to a couch at a boarding hostel less than a year after he was granted residence.
